row	date	new_vested	iso_vested	nso_vested	cumulative	exercised
1	Jan 01 2024	5000	2500	2500	5000	0
2	Apr 01 2024	1250	625	625	6250	0
3	Jul 01 2024	1250	625	625	7500	0
4	Oct 01 2024	1250	625	625	8750	0
5	Jan 01 2025	1250	625	625	10000	0
6	Apr 01 2025	1250	625	625	11250	0
7	Jul 01 2025	1250	625	625	12500	0
8	Oct 01 2025	1250	625	625	13750	0
9	Jan 01 2026	1250	625	625	15000	0
10	Apr 01 2026	1250	625	625	16250	0
11	Jul 01 2026	1250	625	625	17500	0
12	Oct 01 2026	1250	625	625	18750	0
13	Jan 01 2027	1250	625	625	20000	0
